"var_idx","mp_freq","cd_freq","cl_freq","job_id"
1,0.92,0.88,0.96,1
2,0.9,0.88,0.9,1
3,0.9,0.9,0.8,1
4,0.94,0.88,0.94,1
5,0.86,0.86,0.92,1
6,0.96,0.98,0.96,1
7,0.88,0.88,0.88,1
8,0.44,0.38,0.46,1
9,0.42,0.48,0.44,1
10,0.4,0.44,0.48,1
11,0.26,0.26,0.4,1
12,0.34,0.4,0.4,1
13,0.36,0.4,0.36,1
14,0.36,0.4,0.34,1
15,0.38,0.36,0.5,1
16,0.44,0.38,0.48,1
17,0.5,0.46,0.6,1
18,0.34,0.34,0.36,1
19,0.2,0.24,0.3,1
20,0.26,0.28,0.4,1
1,0.92,0.9,0.96,2
2,0.9,0.84,0.92,2
3,0.9,0.9,0.82,2
4,0.92,0.88,0.94,2
5,0.88,0.86,0.92,2
6,0.96,0.98,0.96,2
7,0.88,0.88,0.88,2
8,0.46,0.32,0.42,2
9,0.44,0.48,0.46,2
10,0.44,0.36,0.44,2
11,0.28,0.26,0.4,2
12,0.32,0.42,0.4,2
13,0.36,0.42,0.34,2
14,0.38,0.4,0.34,2
15,0.36,0.36,0.52,2
16,0.42,0.36,0.46,2
17,0.5,0.44,0.64,2
18,0.34,0.34,0.36,2
19,0.2,0.26,0.28,2
20,0.28,0.3,0.42,2
1,0.94,0.86,0.92,3
2,0.96,0.92,0.92,3
3,0.9,0.9,0.9,3
4,0.94,0.9,0.9,3
5,0.9,0.84,0.88,3
6,0.92,0.88,0.92,3
7,0.92,0.92,0.96,3
8,0.36,0.42,0.38,3
9,0.3,0.4,0.42,3
10,0.42,0.4,0.5,3
11,0.26,0.32,0.3,3
12,0.36,0.44,0.32,3
13,0.28,0.32,0.36,3
14,0.44,0.42,0.42,3
15,0.44,0.4,0.4,3
16,0.32,0.42,0.42,3
17,0.3,0.28,0.4,3
18,0.22,0.22,0.3,3
19,0.2,0.26,0.34,3
20,0.36,0.32,0.4,3
1,0.94,0.84,0.92,4
2,0.96,0.9,0.92,4
3,0.9,0.88,0.9,4
4,0.94,0.88,0.9,4
5,0.9,0.84,0.88,4
6,0.9,0.88,0.92,4
7,0.92,0.9,0.96,4
8,0.46,0.36,0.38,4
9,0.44,0.32,0.4,4
10,0.5,0.4,0.5,4
11,0.26,0.26,0.32,4
12,0.34,0.4,0.32,4
13,0.3,0.32,0.36,4
14,0.4,0.42,0.4,4
15,0.42,0.42,0.42,4
16,0.32,0.44,0.42,4
17,0.3,0.22,0.4,4
18,0.18,0.26,0.3,4
19,0.2,0.28,0.38,4
20,0.38,0.3,0.4,4
1,1,0.98,1,5
2,1,0.98,1,5
3,0.98,0.96,0.98,5
4,0.98,0.98,0.94,5
5,0.98,0.92,0.96,5
6,0.98,0.98,1,5
7,1,1,0.94,5
8,0.44,0.46,0.56,5
9,0.52,0.5,0.62,5
10,0.42,0.42,0.4,5
11,0.38,0.4,0.38,5
12,0.38,0.4,0.44,5
13,0.42,0.56,0.42,5
14,0.38,0.48,0.4,5
15,0.44,0.44,0.44,5
16,0.5,0.48,0.52,5
17,0.46,0.52,0.56,5
18,0.38,0.44,0.42,5
19,0.32,0.36,0.44,5
20,0.34,0.34,0.36,5
1,1,0.98,1,6
2,1,0.98,1,6
3,0.98,0.96,0.96,6
4,0.98,0.98,0.94,6
5,0.94,0.92,0.98,6
6,0.98,0.98,1,6
7,1,1,0.94,6
8,0.54,0.48,0.52,6
9,0.64,0.54,0.58,6
10,0.5,0.42,0.4,6
11,0.38,0.42,0.34,6
12,0.38,0.42,0.42,6
13,0.36,0.54,0.48,6
14,0.38,0.44,0.38,6
15,0.44,0.42,0.44,6
16,0.48,0.48,0.54,6
17,0.46,0.52,0.54,6
18,0.4,0.44,0.42,6
19,0.34,0.34,0.38,6
20,0.34,0.36,0.36,6
1,0.98,0.96,0.96,7
2,1,1,0.96,7
3,0.98,0.98,0.98,7
4,0.98,0.98,0.94,7
5,0.96,0.96,0.96,7
6,1,0.98,0.98,7
7,1,0.98,0.98,7
8,0.5,0.56,0.52,7
9,0.32,0.42,0.44,7
10,0.4,0.42,0.42,7
11,0.36,0.36,0.38,7
12,0.34,0.54,0.52,7
13,0.4,0.5,0.44,7
14,0.4,0.54,0.5,7
15,0.34,0.44,0.5,7
16,0.38,0.48,0.38,7
17,0.28,0.38,0.48,7
18,0.3,0.3,0.38,7
19,0.26,0.58,0.36,7
20,0.28,0.32,0.38,7
1,0.96,0.96,0.96,8
2,1,1,0.96,8
3,0.98,0.98,0.98,8
4,0.98,0.98,0.94,8
5,0.94,0.94,0.96,8
6,0.98,1,0.98,8
7,1,0.98,0.98,8
8,0.58,0.48,0.48,8
9,0.54,0.46,0.42,8
10,0.64,0.5,0.4,8
11,0.26,0.36,0.38,8
12,0.36,0.52,0.52,8
13,0.36,0.46,0.48,8
14,0.4,0.54,0.52,8
15,0.38,0.46,0.52,8
16,0.32,0.48,0.34,8
17,0.28,0.36,0.44,8
18,0.2,0.28,0.36,8
19,0.3,0.56,0.38,8
20,0.28,0.38,0.4,8
1,0.88,0.88,0.74,9
2,0.92,0.88,0.7,9
3,0.84,0.84,0.66,9
4,0.9,0.88,0.72,9
5,0.86,0.86,0.68,9
6,0.88,0.86,0.72,9
7,0.84,0.84,0.7,9
8,0.32,0.3,0.28,9
9,0.3,0.36,0.26,9
10,0.38,0.42,0.32,9
11,0.28,0.38,0.3,9
12,0.32,0.32,0.28,9
13,0.36,0.42,0.32,9
14,0.4,0.36,0.34,9
15,0.42,0.34,0.4,9
16,0.38,0.4,0.34,9
17,0.42,0.44,0.42,9
18,0.34,0.32,0.34,9
19,0.24,0.34,0.26,9
20,0.34,0.26,0.22,9
1,0.9,0.88,0.72,10
2,0.9,0.92,0.68,10
3,0.82,0.82,0.64,10
4,0.88,0.92,0.74,10
5,0.84,0.86,0.68,10
6,0.86,0.86,0.72,10
7,0.82,0.86,0.68,10
8,0.32,0.4,0.28,10
9,0.4,0.42,0.24,10
10,0.44,0.44,0.34,10
11,0.3,0.4,0.3,10
12,0.32,0.36,0.26,10
13,0.38,0.42,0.34,10
14,0.36,0.38,0.34,10
15,0.42,0.36,0.36,10
16,0.36,0.38,0.34,10
17,0.4,0.44,0.38,10
18,0.38,0.36,0.34,10
19,0.26,0.34,0.22,10
20,0.36,0.24,0.2,10
1,0.8,0.76,0.78,11
2,0.84,0.78,0.8,11
3,0.88,0.86,0.78,11
4,0.84,0.8,0.86,11
5,0.8,0.68,0.8,11
6,0.82,0.78,0.84,11
7,0.9,0.86,0.84,11
8,0.28,0.36,0.36,11
9,0.26,0.32,0.28,11
10,0.36,0.32,0.44,11
11,0.18,0.24,0.28,11
12,0.24,0.3,0.3,11
13,0.34,0.34,0.36,11
14,0.32,0.32,0.38,11
15,0.28,0.42,0.38,11
16,0.18,0.32,0.34,11
17,0.22,0.32,0.32,11
18,0.1,0.16,0.2,11
19,0.32,0.4,0.28,11
20,0.28,0.32,0.34,11
1,0.78,0.76,0.8,12
2,0.8,0.78,0.8,12
3,0.88,0.86,0.82,12
4,0.78,0.78,0.9,12
5,0.84,0.72,0.82,12
6,0.78,0.76,0.88,12
7,0.88,0.8,0.86,12
8,0.38,0.34,0.36,12
9,0.42,0.36,0.3,12
10,0.38,0.32,0.46,12
11,0.22,0.28,0.26,12
12,0.2,0.32,0.3,12
13,0.32,0.3,0.36,12
14,0.32,0.38,0.4,12
15,0.28,0.38,0.38,12
16,0.18,0.28,0.32,12
17,0.24,0.32,0.32,12
18,0.12,0.2,0.22,12
19,0.28,0.42,0.28,12
20,0.3,0.38,0.34,12
1,0.98,1,0.86,13
2,0.96,0.96,0.88,13
3,0.92,0.96,0.78,13
4,0.98,1,0.9,13
5,0.98,0.98,0.92,13
6,1,1,0.86,13
7,0.96,0.96,0.8,13
8,0.5,0.54,0.34,13
9,0.42,0.5,0.28,13
10,0.34,0.4,0.24,13
11,0.32,0.4,0.26,13
12,0.34,0.44,0.32,13
13,0.4,0.46,0.5,13
14,0.38,0.46,0.38,13
15,0.52,0.54,0.42,13
16,0.5,0.52,0.38,13
17,0.54,0.62,0.46,13
18,0.46,0.54,0.36,13
19,0.42,0.54,0.28,13
20,0.38,0.4,0.28,13
1,0.96,1,0.86,14
2,0.96,0.96,0.88,14
3,0.94,0.96,0.82,14
4,0.98,1,0.9,14
5,0.98,0.96,0.9,14
6,1,1,0.88,14
7,0.96,0.98,0.82,14
8,0.5,0.46,0.32,14
9,0.48,0.54,0.3,14
10,0.32,0.42,0.2,14
11,0.32,0.44,0.26,14
12,0.36,0.44,0.3,14
13,0.4,0.48,0.46,14
14,0.38,0.46,0.34,14
15,0.52,0.56,0.42,14
16,0.52,0.56,0.42,14
17,0.54,0.64,0.44,14
18,0.42,0.58,0.36,14
19,0.42,0.56,0.26,14
20,0.38,0.42,0.28,14
1,0.9,0.86,0.88,15
2,1,0.92,0.88,15
3,0.96,0.88,0.92,15
4,0.94,0.9,0.84,15
5,0.94,0.84,0.86,15
6,0.96,0.9,0.86,15
7,0.98,0.88,0.9,15
8,0.34,0.4,0.44,15
9,0.28,0.32,0.34,15
10,0.42,0.4,0.4,15
11,0.3,0.38,0.4,15
12,0.32,0.36,0.46,15
13,0.42,0.44,0.42,15
14,0.38,0.34,0.46,15
15,0.26,0.34,0.38,15
16,0.3,0.4,0.3,15
17,0.32,0.38,0.46,15
18,0.18,0.28,0.34,15
19,0.32,0.44,0.34,15
20,0.28,0.32,0.3,15
1,0.9,0.82,0.88,16
2,1,0.88,0.88,16
3,0.94,0.86,0.9,16
4,0.9,0.86,0.84,16
5,0.92,0.82,0.86,16
6,0.96,0.86,0.84,16
7,0.98,0.88,0.9,16
8,0.5,0.36,0.34,16
9,0.48,0.4,0.4,16
10,0.54,0.42,0.42,16
11,0.2,0.34,0.4,16
12,0.28,0.32,0.4,16
13,0.3,0.38,0.36,16
14,0.32,0.34,0.48,16
15,0.22,0.34,0.38,16
16,0.28,0.38,0.28,16
17,0.3,0.42,0.46,16
18,0.2,0.22,0.32,16
19,0.26,0.44,0.34,16
20,0.26,0.28,0.3,16
1,0.82,0.88,0.4,17
2,0.88,0.86,0.28,17
3,0.8,0.84,0.22,17
4,0.76,0.8,0.32,17
5,0.78,0.86,0.2,17
6,0.88,0.9,0.32,17
7,0.72,0.82,0.26,17
8,0.36,0.34,0.16,17
9,0.28,0.38,0.08,17
10,0.36,0.32,0.14,17
11,0.38,0.36,0.22,17
12,0.32,0.32,0.08,17
13,0.42,0.44,0.12,17
14,0.32,0.32,0.1,17
15,0.44,0.4,0.16,17
16,0.4,0.38,0.16,17
17,0.42,0.36,0.22,17
18,0.32,0.36,0.18,17
19,0.4,0.4,0.16,17
20,0.24,0.28,0.12,17
1,0.8,0.88,0.4,18
2,0.88,0.86,0.28,18
3,0.8,0.82,0.22,18
4,0.74,0.8,0.32,18
5,0.78,0.86,0.2,18
6,0.88,0.9,0.32,18
7,0.72,0.82,0.26,18
8,0.36,0.36,0.18,18
9,0.28,0.36,0.08,18
10,0.4,0.32,0.12,18
11,0.4,0.36,0.2,18
12,0.34,0.32,0.08,18
13,0.44,0.46,0.12,18
14,0.3,0.34,0.1,18
15,0.42,0.42,0.16,18
16,0.38,0.36,0.18,18
17,0.42,0.36,0.22,18
18,0.3,0.36,0.18,18
19,0.38,0.42,0.16,18
20,0.24,0.28,0.12,18
1,0.66,0.5,0.66,19
2,0.58,0.6,0.58,19
3,0.76,0.7,0.58,19
4,0.66,0.62,0.64,19
5,0.62,0.52,0.62,19
6,0.68,0.6,0.68,19
7,0.72,0.56,0.62,19
8,0.28,0.22,0.18,19
9,0.28,0.22,0.18,19
10,0.22,0.26,0.24,19
11,0.22,0.24,0.24,19
12,0.18,0.22,0.2,19
13,0.24,0.24,0.32,19
14,0.22,0.28,0.3,19
15,0.2,0.24,0.26,19
16,0.16,0.2,0.18,19
17,0.22,0.26,0.22,19
18,0.14,0.22,0.2,19
19,0.28,0.32,0.24,19
20,0.18,0.22,0.22,19
1,0.64,0.52,0.64,20
2,0.6,0.62,0.58,20
3,0.72,0.7,0.56,20
4,0.66,0.62,0.62,20
5,0.6,0.54,0.64,20
6,0.62,0.62,0.68,20
7,0.7,0.58,0.64,20
8,0.3,0.22,0.22,20
9,0.4,0.26,0.2,20
10,0.3,0.2,0.2,20
11,0.22,0.22,0.24,20
12,0.18,0.18,0.18,20
13,0.24,0.24,0.28,20
14,0.22,0.24,0.3,20
15,0.22,0.24,0.22,20
16,0.14,0.2,0.18,20
17,0.24,0.2,0.2,20
18,0.12,0.2,0.2,20
19,0.28,0.26,0.24,20
20,0.2,0.2,0.18,20
1,0.96,1,0.52,21
2,0.96,0.96,0.46,21
3,0.96,0.96,0.44,21
4,1,0.98,0.44,21
5,0.94,0.88,0.4,21
6,0.98,0.98,0.42,21
7,0.96,0.98,0.48,21
8,0.52,0.56,0.3,21
9,0.46,0.56,0.2,21
10,0.4,0.46,0.18,21
11,0.5,0.52,0.34,21
12,0.3,0.36,0.12,21
13,0.46,0.48,0.28,21
14,0.36,0.44,0.16,21
15,0.58,0.46,0.18,21
16,0.4,0.48,0.24,21
17,0.42,0.42,0.2,21
18,0.42,0.44,0.2,21
19,0.42,0.54,0.22,21
20,0.42,0.48,0.26,21
1,0.96,1,0.52,22
2,0.96,0.96,0.44,22
3,0.96,0.96,0.44,22
4,1,0.98,0.42,22
5,0.94,0.9,0.4,22
6,0.96,0.98,0.42,22
7,0.96,0.98,0.46,22
8,0.52,0.52,0.24,22
9,0.5,0.54,0.2,22
10,0.5,0.5,0.2,22
11,0.48,0.54,0.36,22
12,0.3,0.36,0.14,22
13,0.46,0.46,0.3,22
14,0.4,0.46,0.18,22
15,0.62,0.46,0.18,22
16,0.42,0.5,0.24,22
17,0.44,0.46,0.22,22
18,0.44,0.52,0.22,22
19,0.42,0.52,0.26,22
20,0.4,0.46,0.26,22
1,0.8,0.62,0.72,23
2,0.82,0.64,0.68,23
3,0.82,0.76,0.74,23
4,0.82,0.66,0.68,23
5,0.78,0.7,0.72,23
6,0.86,0.6,0.68,23
7,0.8,0.66,0.64,23
8,0.36,0.28,0.34,23
9,0.3,0.24,0.3,23
10,0.32,0.34,0.3,23
11,0.24,0.26,0.3,23
12,0.22,0.3,0.26,23
13,0.4,0.32,0.34,23
14,0.24,0.24,0.34,23
15,0.32,0.2,0.24,23
16,0.24,0.24,0.26,23
17,0.26,0.36,0.3,23
18,0.26,0.18,0.26,23
19,0.38,0.32,0.28,23
20,0.24,0.2,0.32,23
1,0.8,0.62,0.68,24
2,0.74,0.62,0.68,24
3,0.8,0.72,0.76,24
4,0.8,0.68,0.66,24
5,0.76,0.64,0.7,24
6,0.86,0.6,0.68,24
7,0.74,0.66,0.64,24
8,0.44,0.28,0.26,24
9,0.46,0.26,0.28,24
10,0.48,0.22,0.34,24
11,0.2,0.24,0.28,24
12,0.22,0.32,0.18,24
13,0.36,0.36,0.32,24
14,0.22,0.22,0.32,24
15,0.26,0.22,0.24,24
16,0.28,0.22,0.22,24
17,0.22,0.32,0.36,24
18,0.18,0.18,0.22,24
19,0.36,0.34,0.28,24
20,0.22,0.24,0.32,24
1,0.88,0.82,0.88,25
2,0.9,0.76,0.8,25
3,0.8,0.7,0.74,25
4,0.92,0.8,0.88,25
5,0.92,0.86,0.84,25
6,0.88,0.82,0.88,25
7,0.8,0.7,0.76,25
8,0.16,0.2,0.26,25
9,0.16,0.16,0.22,25
10,0.34,0.26,0.34,25
11,0.16,0.24,0.16,25
12,0.24,0.16,0.2,25
13,0.24,0.14,0.28,25
14,0.18,0.14,0.22,25
15,0.2,0.22,0.18,25
16,0.14,0.2,0.16,25
17,0.16,0.14,0.22,25
18,0.14,0.12,0.16,25
19,0.22,0.2,0.32,25
20,0.12,0.22,0.18,25
21,0.2,0.14,0.1,25
22,0.16,0.1,0.18,25
23,0.26,0.24,0.24,25
24,0.2,0.1,0.26,25
25,0.12,0.16,0.18,25
26,0.3,0.16,0.32,25
27,0.2,0.18,0.18,25
28,0.2,0.2,0.28,25
29,0.24,0.16,0.26,25
30,0.24,0.18,0.36,25
31,0.14,0.1,0.26,25
32,0.16,0.14,0.1,25
33,0.18,0.2,0.24,25
34,0.18,0.18,0.22,25
35,0.16,0.12,0.14,25
36,0.24,0.18,0.24,25
37,0.28,0.2,0.24,25
38,0.2,0.12,0.22,25
39,0.26,0.16,0.32,25
40,0.14,0.12,0.14,25
41,0.2,0.14,0.28,25
42,0.16,0.14,0.22,25
43,0.18,0.18,0.26,25
44,0.2,0.14,0.24,25
45,0.22,0.26,0.26,25
46,0.14,0.16,0.12,25
47,0.16,0.16,0.18,25
48,0.2,0.12,0.2,25
49,0.2,0.1,0.18,25
50,0.22,0.16,0.24,25
1,0.88,0.82,0.88,26
2,0.9,0.8,0.8,26
3,0.8,0.68,0.74,26
4,0.92,0.78,0.88,26
5,0.92,0.84,0.84,26
6,0.88,0.82,0.86,26
7,0.8,0.68,0.76,26
8,0.2,0.2,0.28,26
9,0.18,0.1,0.18,26
10,0.38,0.24,0.36,26
11,0.16,0.22,0.16,26
12,0.24,0.2,0.2,26
13,0.24,0.16,0.3,26
14,0.18,0.14,0.22,26
15,0.2,0.2,0.2,26
16,0.14,0.2,0.16,26
17,0.18,0.16,0.22,26
18,0.14,0.08,0.18,26
19,0.22,0.2,0.32,26
20,0.12,0.2,0.2,26
21,0.2,0.14,0.16,26
22,0.16,0.1,0.18,26
23,0.24,0.24,0.26,26
24,0.18,0.1,0.26,26
25,0.12,0.18,0.18,26
26,0.28,0.18,0.34,26
27,0.2,0.18,0.2,26
28,0.2,0.22,0.28,26
29,0.24,0.14,0.26,26
30,0.24,0.18,0.36,26
31,0.16,0.1,0.28,26
32,0.14,0.14,0.1,26
33,0.18,0.18,0.24,26
34,0.18,0.18,0.22,26
35,0.16,0.12,0.14,26
36,0.24,0.18,0.26,26
37,0.28,0.18,0.26,26
38,0.18,0.14,0.24,26
39,0.26,0.16,0.32,26
40,0.14,0.12,0.14,26
41,0.2,0.14,0.26,26
42,0.18,0.16,0.24,26
43,0.18,0.18,0.24,26
44,0.2,0.18,0.26,26
45,0.24,0.24,0.26,26
46,0.16,0.16,0.14,26
47,0.16,0.14,0.22,26
48,0.2,0.1,0.2,26
49,0.2,0.12,0.18,26
50,0.22,0.16,0.26,26
1,0.88,0.72,0.82,27
2,0.94,0.66,0.88,27
3,0.82,0.68,0.8,27
4,0.94,0.74,0.88,27
5,0.9,0.74,0.86,27
6,0.82,0.58,0.78,27
7,0.8,0.68,0.78,27
8,0.18,0.12,0.22,27
9,0.2,0.18,0.22,27
10,0.28,0.3,0.28,27
11,0.26,0.2,0.26,27
12,0.12,0.14,0.16,27
13,0.16,0.16,0.22,27
14,0.18,0.12,0.2,27
15,0.18,0.16,0.18,27
16,0.24,0.18,0.2,27
17,0.12,0.14,0.16,27
18,0.1,0.08,0.14,27
19,0.28,0.28,0.3,27
20,0.12,0.18,0.18,27
21,0.18,0.2,0.14,27
22,0.16,0.1,0.14,27
23,0.3,0.26,0.28,27
24,0.08,0.14,0.12,27
25,0.14,0.1,0.16,27
26,0.14,0.2,0.18,27
27,0.12,0.16,0.18,27
28,0.16,0.2,0.22,27
29,0.18,0.2,0.2,27
30,0.18,0.16,0.14,27
31,0.12,0.16,0.14,27
32,0.14,0.18,0.16,27
33,0.16,0.2,0.14,27
34,0.2,0.16,0.28,27
35,0.08,0.14,0.04,27
36,0.14,0.16,0.18,27
37,0.16,0.2,0.18,27
38,0.08,0.16,0.12,27
39,0.3,0.24,0.36,27
40,0.16,0.14,0.12,27
41,0.16,0.12,0.22,27
42,0.2,0.16,0.22,27
43,0.1,0.06,0.12,27
44,0.12,0.1,0.28,27
45,0.12,0.16,0.14,27
46,0.14,0.22,0.14,27
47,0.16,0.18,0.18,27
48,0.18,0.14,0.18,27
49,0.1,0.1,0.14,27
50,0.24,0.14,0.32,27
1,0.88,0.7,0.82,28
2,0.92,0.68,0.9,28
3,0.84,0.7,0.8,28
4,0.94,0.74,0.88,28
5,0.9,0.74,0.86,28
6,0.84,0.58,0.8,28
7,0.8,0.66,0.78,28
8,0.24,0.16,0.24,28
9,0.26,0.24,0.16,28
10,0.26,0.22,0.24,28
11,0.24,0.2,0.24,28
12,0.12,0.14,0.14,28
13,0.18,0.18,0.22,28
14,0.2,0.12,0.22,28
15,0.18,0.18,0.2,28
16,0.26,0.18,0.2,28
17,0.12,0.14,0.14,28
18,0.12,0.08,0.14,28
19,0.26,0.28,0.3,28
20,0.1,0.22,0.16,28
21,0.18,0.2,0.14,28
22,0.16,0.12,0.16,28
23,0.32,0.26,0.28,28
24,0.1,0.18,0.12,28
25,0.1,0.1,0.18,28
26,0.14,0.22,0.2,28
27,0.12,0.16,0.18,28
28,0.18,0.18,0.22,28
29,0.18,0.24,0.22,28
30,0.18,0.16,0.14,28
31,0.12,0.18,0.14,28
32,0.16,0.18,0.14,28
33,0.16,0.18,0.14,28
34,0.2,0.18,0.28,28
35,0.1,0.12,0.04,28
36,0.12,0.16,0.16,28
37,0.16,0.22,0.2,28
38,0.1,0.16,0.12,28
39,0.3,0.24,0.36,28
40,0.16,0.14,0.1,28
41,0.16,0.14,0.24,28
42,0.2,0.16,0.22,28
43,0.1,0.06,0.1,28
44,0.1,0.1,0.26,28
45,0.12,0.16,0.14,28
46,0.14,0.22,0.14,28
47,0.14,0.16,0.2,28
48,0.18,0.14,0.18,28
49,0.12,0.12,0.14,28
50,0.22,0.16,0.34,28
1,0.98,0.96,0.92,29
2,0.96,0.9,0.84,29
3,0.92,0.88,0.88,29
4,0.98,1,0.96,29
5,0.94,0.9,0.92,29
6,0.96,0.94,0.94,29
7,0.94,0.98,0.88,29
8,0.24,0.22,0.3,29
9,0.2,0.22,0.26,29
10,0.32,0.32,0.36,29
11,0.24,0.28,0.16,29
12,0.28,0.14,0.28,29
13,0.2,0.16,0.2,29
14,0.16,0.12,0.22,29
15,0.28,0.2,0.28,29
16,0.2,0.24,0.24,29
17,0.22,0.16,0.24,29
18,0.22,0.18,0.2,29
19,0.18,0.14,0.18,29
20,0.26,0.22,0.22,29
21,0.18,0.26,0.16,29
22,0.22,0.2,0.2,29
23,0.42,0.32,0.34,29
24,0.24,0.26,0.22,29
25,0.16,0.16,0.18,29
26,0.2,0.18,0.3,29
27,0.24,0.22,0.2,29
28,0.26,0.2,0.26,29
29,0.28,0.28,0.28,29
30,0.28,0.24,0.24,29
31,0.22,0.22,0.26,29
32,0.26,0.16,0.18,29
33,0.18,0.2,0.22,29
34,0.24,0.2,0.22,29
35,0.16,0.1,0.22,29
36,0.32,0.26,0.34,29
37,0.36,0.2,0.32,29
38,0.22,0.18,0.28,29
39,0.36,0.18,0.32,29
40,0.1,0.1,0.1,29
41,0.2,0.18,0.22,29
42,0.24,0.12,0.24,29
43,0.28,0.24,0.24,29
44,0.18,0.12,0.18,29
45,0.28,0.3,0.3,29
46,0.22,0.22,0.18,29
47,0.22,0.26,0.2,29
48,0.2,0.16,0.16,29
49,0.22,0.18,0.18,29
50,0.14,0.18,0.18,29
1,0.98,0.94,0.88,30
2,0.96,0.88,0.84,30
3,0.92,0.9,0.86,30
4,0.98,1,0.94,30
5,0.94,0.92,0.9,30
6,0.96,0.92,0.92,30
7,0.94,0.98,0.86,30
8,0.24,0.22,0.3,30
9,0.3,0.18,0.24,30
10,0.32,0.22,0.3,30
11,0.2,0.22,0.14,30
12,0.28,0.12,0.28,30
13,0.2,0.16,0.18,30
14,0.16,0.14,0.22,30
15,0.28,0.22,0.24,30
16,0.18,0.26,0.22,30
17,0.22,0.18,0.24,30
18,0.22,0.16,0.2,30
19,0.18,0.12,0.14,30
20,0.26,0.24,0.22,30
21,0.16,0.26,0.16,30
22,0.2,0.16,0.2,30
23,0.4,0.32,0.34,30
24,0.24,0.22,0.22,30
25,0.14,0.16,0.2,30
26,0.2,0.14,0.28,30
27,0.24,0.22,0.2,30
28,0.3,0.22,0.26,30
29,0.26,0.26,0.28,30
30,0.26,0.24,0.24,30
31,0.22,0.2,0.26,30
32,0.24,0.16,0.2,30
33,0.18,0.24,0.22,30
34,0.22,0.2,0.22,30
35,0.18,0.1,0.24,30
36,0.32,0.24,0.32,30
37,0.36,0.18,0.3,30
38,0.22,0.18,0.24,30
39,0.36,0.18,0.3,30
40,0.1,0.08,0.12,30
41,0.2,0.18,0.22,30
42,0.24,0.12,0.24,30
43,0.24,0.24,0.22,30
44,0.18,0.1,0.16,30
45,0.26,0.28,0.32,30
46,0.22,0.22,0.18,30
47,0.22,0.24,0.2,30
48,0.2,0.16,0.18,30
49,0.24,0.18,0.16,30
50,0.14,0.18,0.2,30
1,0.98,0.94,0.92,31
2,0.98,0.92,0.94,31
3,0.92,0.9,0.88,31
4,0.96,0.96,0.98,31
5,0.98,0.92,0.88,31
6,0.92,0.9,0.88,31
7,0.9,0.88,0.78,31
8,0.18,0.24,0.22,31
9,0.24,0.2,0.22,31
10,0.2,0.26,0.28,31
11,0.18,0.24,0.3,31
12,0.16,0.14,0.18,31
13,0.16,0.2,0.26,31
14,0.12,0.12,0.12,31
15,0.2,0.12,0.22,31
16,0.18,0.16,0.24,31
17,0.1,0.18,0.2,31
18,0.16,0.12,0.16,31
19,0.2,0.28,0.32,31
20,0.12,0.1,0.14,31
21,0.14,0.22,0.2,31
22,0.14,0.16,0.24,31
23,0.2,0.26,0.22,31
24,0.18,0.26,0.18,31
25,0.1,0.12,0.14,31
26,0.16,0.22,0.2,31
27,0.12,0.18,0.16,31
28,0.2,0.3,0.2,31
29,0.16,0.22,0.22,31
30,0.26,0.24,0.24,31
31,0.06,0.2,0.16,31
32,0.1,0.2,0.14,31
33,0.14,0.2,0.18,31
34,0.22,0.2,0.28,31
35,0.14,0.14,0.1,31
36,0.18,0.2,0.18,31
37,0.12,0.2,0.2,31
38,0.18,0.18,0.18,31
39,0.34,0.38,0.34,31
40,0.12,0.16,0.1,31
41,0.16,0.2,0.24,31
42,0.18,0.18,0.26,31
43,0.12,0.14,0.08,31
44,0.18,0.16,0.3,31
45,0.16,0.26,0.2,31
46,0.08,0.2,0.2,31
47,0.2,0.22,0.26,31
48,0.1,0.14,0.14,31
49,0.12,0.12,0.12,31
50,0.22,0.14,0.38,31
1,0.98,0.94,0.9,32
2,0.98,0.94,0.94,32
3,0.94,0.88,0.88,32
4,0.96,0.94,0.96,32
5,0.98,0.94,0.9,32
6,0.92,0.9,0.86,32
7,0.9,0.88,0.8,32
8,0.38,0.24,0.2,32
9,0.36,0.18,0.3,32
10,0.32,0.22,0.22,32
11,0.18,0.24,0.3,32
12,0.12,0.14,0.14,32
13,0.16,0.2,0.28,32
14,0.06,0.12,0.14,32
15,0.16,0.14,0.2,32
16,0.16,0.18,0.2,32
17,0.12,0.16,0.16,32
18,0.12,0.12,0.16,32
19,0.2,0.22,0.3,32
20,0.12,0.12,0.14,32
21,0.16,0.22,0.2,32
22,0.12,0.16,0.22,32
23,0.2,0.2,0.24,32
24,0.2,0.28,0.2,32
25,0.08,0.18,0.14,32
26,0.18,0.2,0.2,32
27,0.12,0.16,0.18,32
28,0.2,0.3,0.22,32
29,0.16,0.24,0.2,32
30,0.24,0.24,0.22,32
31,0.06,0.18,0.14,32
32,0.12,0.2,0.14,32
33,0.14,0.22,0.16,32
34,0.26,0.22,0.28,32
35,0.12,0.16,0.1,32
36,0.2,0.22,0.18,32
37,0.12,0.22,0.22,32
38,0.16,0.16,0.16,32
39,0.3,0.38,0.3,32
40,0.08,0.16,0.12,32
41,0.14,0.22,0.24,32
42,0.16,0.18,0.22,32
43,0.12,0.14,0.06,32
44,0.14,0.16,0.28,32
45,0.14,0.26,0.22,32
46,0.1,0.2,0.2,32
47,0.16,0.22,0.3,32
48,0.08,0.16,0.18,32
49,0.08,0.14,0.16,32
50,0.18,0.14,0.38,32
1,0.68,0.62,0.58,33
2,0.7,0.62,0.64,33
3,0.6,0.54,0.54,33
4,0.72,0.64,0.72,33
5,0.6,0.56,0.58,33
6,0.52,0.48,0.56,33
7,0.7,0.64,0.7,33
8,0.14,0.06,0.1,33
9,0.16,0.12,0.14,33
10,0.14,0.1,0.12,33
11,0.04,0.08,0.02,33
12,0.1,0.12,0.12,33
13,0.08,0.1,0.08,33
14,0.06,0.08,0.1,33
15,0.06,0.1,0.04,33
16,0.12,0.1,0.14,33
17,0.12,0.08,0.14,33
18,0.12,0.1,0.06,33
19,0.16,0.16,0.08,33
20,0.08,0.06,0.08,33
21,0.18,0.1,0.14,33
22,0.1,0.08,0.1,33
23,0.2,0.1,0.16,33
24,0.04,0.06,0.04,33
25,0.06,0.1,0.08,33
26,0.06,0.04,0.08,33
27,0.14,0.08,0.1,33
28,0.1,0.08,0.1,33
29,0.1,0.1,0.14,33
30,0.14,0.04,0.14,33
31,0.12,0.18,0.06,33
32,0.18,0.18,0.14,33
33,0.08,0.06,0.08,33
34,0.08,0.08,0.04,33
35,0.12,0.08,0.1,33
36,0.08,0.12,0.1,33
37,0.06,0.06,0.08,33
38,0.2,0.12,0.2,33
39,0.14,0.08,0.1,33
40,0.12,0.12,0.06,33
41,0.1,0.06,0.06,33
42,0.12,0.1,0.12,33
43,0.06,0.12,0.04,33
44,0.1,0.1,0.04,33
45,0.1,0.06,0.08,33
46,0.1,0.12,0.04,33
47,0.1,0.08,0.1,33
48,0.06,0.02,0.08,33
49,0.14,0.1,0.14,33
50,0.14,0.08,0.16,33
51,0.08,0.12,0.1,33
52,0.1,0.08,0.04,33
53,0.06,0.1,0.1,33
54,0.2,0.14,0.14,33
55,0.06,0.08,0.1,33
56,0.1,0.12,0.06,33
57,0.1,0.1,0.08,33
58,0.14,0.1,0.16,33
59,0.04,0.06,0.04,33
60,0.08,0.08,0.04,33
61,0.06,0.1,0.06,33
62,0.2,0.18,0.14,33
63,0.08,0.08,0.08,33
64,0.06,0.04,0.08,33
65,0.06,0.04,0.04,33
66,0.1,0.1,0.08,33
67,0.08,0.12,0.04,33
68,0.08,0.04,0.04,33
69,0.1,0.08,0.1,33
70,0.1,0.1,0.02,33
71,0.14,0.12,0.14,33
72,0.06,0.06,0.02,33
73,0.16,0.1,0.14,33
74,0.12,0.12,0.14,33
75,0.18,0.16,0.16,33
76,0.08,0.12,0.08,33
77,0.06,0.06,0.1,33
78,0.16,0.14,0.08,33
79,0.08,0.12,0.08,33
80,0.08,0.08,0.08,33
81,0.04,0.12,0.06,33
82,0.1,0.1,0.14,33
83,0.12,0.14,0.16,33
84,0.12,0.06,0.1,33
85,0.18,0.12,0.14,33
86,0.04,0.04,0.04,33
87,0.08,0.16,0.08,33
88,0.08,0.06,0.1,33
89,0.08,0.12,0.06,33
90,0.08,0.14,0.08,33
91,0.06,0.08,0.08,33
92,0.08,0.08,0.1,33
93,0.04,0.02,0.06,33
94,0.1,0.1,0.08,33
95,0.04,0.06,0.04,33
96,0.06,0.12,0.12,33
97,0.04,0.08,0.04,33
98,0.1,0.12,0.06,33
99,0.04,0.12,0.08,33
100,0.04,0.06,0.04,33
1,0.7,0.62,0.58,34
2,0.7,0.62,0.64,34
3,0.6,0.54,0.56,34
4,0.72,0.66,0.72,34
5,0.6,0.56,0.56,34
6,0.56,0.48,0.56,34
7,0.7,0.64,0.7,34
8,0.16,0.1,0.1,34
9,0.18,0.16,0.12,34
10,0.2,0.1,0.14,34
11,0.02,0.08,0.02,34
12,0.1,0.12,0.12,34
13,0.1,0.1,0.08,34
14,0.06,0.08,0.1,34
15,0.06,0.1,0.04,34
16,0.12,0.1,0.14,34
17,0.12,0.08,0.14,34
18,0.12,0.1,0.06,34
19,0.14,0.16,0.08,34
20,0.08,0.06,0.08,34
21,0.18,0.1,0.14,34
22,0.1,0.08,0.1,34
23,0.2,0.1,0.16,34
24,0.04,0.06,0.04,34
25,0.06,0.1,0.08,34
26,0.06,0.06,0.08,34
27,0.14,0.08,0.1,34
28,0.1,0.08,0.1,34
29,0.08,0.12,0.14,34
30,0.12,0.04,0.14,34
31,0.14,0.2,0.06,34
32,0.2,0.16,0.14,34
33,0.08,0.06,0.08,34
34,0.08,0.08,0.04,34
35,0.12,0.08,0.08,34
36,0.08,0.12,0.1,34
37,0.06,0.04,0.08,34
38,0.2,0.12,0.2,34
39,0.14,0.1,0.1,34
40,0.12,0.12,0.06,34
41,0.1,0.06,0.06,34
42,0.12,0.1,0.12,34
43,0.06,0.12,0.04,34
44,0.1,0.1,0.06,34
45,0.1,0.06,0.08,34
46,0.1,0.12,0.04,34
47,0.1,0.08,0.1,34
48,0.06,0.02,0.08,34
49,0.14,0.1,0.14,34
50,0.14,0.08,0.16,34
51,0.08,0.12,0.1,34
52,0.08,0.1,0.04,34
53,0.04,0.1,0.1,34
54,0.18,0.14,0.16,34
55,0.06,0.1,0.1,34
56,0.1,0.12,0.06,34
57,0.1,0.1,0.08,34
58,0.12,0.12,0.16,34
59,0.06,0.06,0.02,34
60,0.06,0.08,0.04,34
61,0.04,0.1,0.06,34
62,0.2,0.18,0.14,34
63,0.1,0.08,0.08,34
64,0.06,0.04,0.08,34
65,0.06,0.04,0.06,34
66,0.08,0.1,0.08,34
67,0.08,0.12,0.04,34
68,0.08,0.04,0.04,34
69,0.1,0.08,0.1,34
70,0.1,0.1,0.02,34
71,0.14,0.12,0.14,34
72,0.06,0.06,0.02,34
73,0.16,0.1,0.16,34
74,0.12,0.12,0.14,34
75,0.18,0.16,0.14,34
76,0.1,0.12,0.08,34
77,0.06,0.04,0.08,34
78,0.16,0.14,0.1,34
79,0.1,0.12,0.08,34
80,0.08,0.08,0.1,34
81,0.04,0.12,0.06,34
82,0.1,0.12,0.14,34
83,0.12,0.14,0.16,34
84,0.12,0.06,0.1,34
85,0.18,0.12,0.16,34
86,0.04,0.04,0.04,34
87,0.08,0.16,0.08,34
88,0.08,0.06,0.1,34
89,0.08,0.12,0.06,34
90,0.08,0.16,0.08,34
91,0.06,0.08,0.08,34
92,0.1,0.08,0.1,34
93,0.04,0.02,0.06,34
94,0.1,0.12,0.08,34
95,0.04,0.08,0.04,34
96,0.08,0.12,0.12,34
97,0.04,0.08,0.04,34
98,0.1,0.12,0.06,34
99,0.04,0.12,0.08,34
100,0.04,0.06,0.04,34
1,0.7,0.5,0.56,35
2,0.74,0.54,0.72,35
3,0.7,0.56,0.58,35
4,0.72,0.56,0.7,35
5,0.7,0.52,0.64,35
6,0.62,0.44,0.52,35
7,0.72,0.6,0.62,35
8,0.14,0.06,0.14,35
9,0.06,0.06,0.12,35
10,0.04,0.12,0.04,35
11,0.06,0.06,0.06,35
12,0.02,0.06,0.02,35
13,0.06,0.04,0.1,35
14,0.08,0.06,0.12,35
15,0.08,0.1,0.1,35
16,0.12,0.08,0.14,35
17,0.08,0.06,0.06,35
18,0.08,0.06,0.04,35
19,0.14,0.14,0.14,35
20,0.08,0.1,0.12,35
21,0.1,0.1,0.1,35
22,0.14,0.08,0.1,35
23,0.2,0.16,0.22,35
24,0.08,0.02,0.06,35
25,0.1,0.04,0.12,35
26,0.12,0.1,0.12,35
27,0.12,0.1,0.2,35
28,0.06,0,0.06,35
29,0.12,0.08,0.1,35
30,0.16,0.08,0.14,35
31,0.1,0.1,0.08,35
32,0.08,0.08,0.16,35
33,0.04,0.06,0.1,35
34,0.08,0.1,0.12,35
35,0.1,0.08,0.08,35
36,0.04,0.04,0.08,35
37,0.06,0.04,0.06,35
38,0.06,0.06,0.06,35
39,0.06,0.06,0.12,35
40,0.1,0.12,0.1,35
41,0.08,0.1,0.08,35
42,0.1,0.04,0.2,35
43,0.12,0.06,0.1,35
44,0.04,0.04,0.02,35
45,0.02,0.08,0.1,35
46,0.04,0.08,0.04,35
47,0.08,0.08,0.1,35
48,0.08,0.06,0.06,35
49,0.14,0.08,0.1,35
50,0.16,0.08,0.2,35
51,0.08,0.06,0.08,35
52,0.06,0.08,0.08,35
53,0.04,0.02,0.04,35
54,0.18,0.14,0.2,35
55,0.06,0.04,0.06,35
56,0.04,0.1,0.08,35
57,0.1,0.08,0.12,35
58,0.04,0.04,0.16,35
59,0.04,0.1,0.04,35
60,0.08,0.02,0.1,35
61,0.04,0.02,0.04,35
62,0.1,0.1,0.1,35
63,0.16,0.12,0.14,35
64,0.06,0.06,0.04,35
65,0,0,0.02,35
66,0.16,0.02,0.16,35
67,0.08,0.1,0.18,35
68,0.1,0.08,0.04,35
69,0.12,0.08,0.1,35
70,0.14,0.08,0.1,35
71,0.1,0.14,0.1,35
72,0.04,0.04,0.1,35
73,0.08,0.1,0.14,35
74,0.12,0.12,0.18,35
75,0.18,0.12,0.16,35
76,0.12,0.1,0.14,35
77,0.08,0.1,0.1,35
78,0.04,0.04,0.14,35
79,0.06,0.02,0.08,35
80,0.06,0.08,0.1,35
81,0.08,0.1,0.06,35
82,0.04,0.06,0.04,35
83,0.16,0.14,0.18,35
84,0.1,0.04,0.04,35
85,0.08,0.08,0.14,35
86,0.04,0.04,0.08,35
87,0.12,0.14,0.14,35
88,0.08,0.08,0.14,35
89,0.06,0.1,0.04,35
90,0.1,0.12,0.14,35
91,0.06,0.06,0.06,35
92,0.08,0.06,0.12,35
93,0.02,0.04,0.08,35
94,0.06,0.04,0.1,35
95,0.12,0.08,0.1,35
96,0.16,0.1,0.1,35
97,0.1,0.1,0.1,35
98,0.16,0.06,0.12,35
99,0.08,0.06,0.06,35
100,0.1,0.04,0.1,35
1,0.68,0.48,0.56,36
2,0.74,0.52,0.72,36
3,0.7,0.54,0.58,36
4,0.7,0.54,0.7,36
5,0.7,0.5,0.64,36
6,0.62,0.42,0.56,36
7,0.72,0.6,0.62,36
8,0.18,0.06,0.16,36
9,0.14,0.12,0.14,36
10,0.12,0.08,0.12,36
11,0.06,0.08,0.06,36
12,0.02,0.06,0.02,36
13,0.04,0.02,0.1,36
14,0.08,0.06,0.1,36
15,0.08,0.08,0.1,36
16,0.12,0.06,0.14,36
17,0.08,0.04,0.08,36
18,0.1,0.08,0.06,36
19,0.14,0.14,0.16,36
20,0.08,0.08,0.14,36
21,0.08,0.08,0.12,36
22,0.16,0.08,0.1,36
23,0.2,0.14,0.22,36
24,0.08,0.02,0.06,36
25,0.1,0.04,0.12,36
26,0.12,0.1,0.12,36
27,0.1,0.1,0.2,36
28,0.04,0,0.06,36
29,0.12,0.08,0.1,36
30,0.16,0.1,0.14,36
31,0.08,0.1,0.08,36
32,0.12,0.08,0.18,36
33,0.04,0.08,0.1,36
34,0.08,0.1,0.12,36
35,0.08,0.06,0.1,36
36,0.04,0.06,0.08,36
37,0.08,0.04,0.04,36
38,0.08,0.06,0.06,36
39,0.06,0.06,0.12,36
40,0.12,0.12,0.12,36
41,0.08,0.1,0.1,36
42,0.1,0.04,0.2,36
43,0.1,0.06,0.12,36
44,0.04,0.02,0.02,36
45,0.02,0.08,0.1,36
46,0.04,0.08,0.04,36
47,0.08,0.08,0.1,36
48,0.08,0.04,0.06,36
49,0.14,0.08,0.1,36
50,0.16,0.08,0.2,36
51,0.1,0.06,0.08,36
52,0.08,0.1,0.08,36
53,0.04,0.02,0.04,36
54,0.2,0.14,0.2,36
55,0.08,0.06,0.06,36
56,0.06,0.08,0.08,36
57,0.1,0.08,0.12,36
58,0.04,0.04,0.18,36
59,0.04,0.1,0.04,36
60,0.08,0.04,0.1,36
61,0.04,0.02,0.04,36
62,0.1,0.1,0.1,36
63,0.18,0.14,0.16,36
64,0.06,0.08,0.04,36
65,0,0,0.02,36
66,0.18,0.04,0.16,36
67,0.12,0.1,0.18,36
68,0.14,0.06,0.04,36
69,0.12,0.06,0.1,36
70,0.12,0.06,0.1,36
71,0.1,0.12,0.1,36
72,0.04,0.04,0.1,36
73,0.08,0.12,0.12,36
74,0.12,0.1,0.18,36
75,0.14,0.1,0.16,36
76,0.14,0.1,0.14,36
77,0.08,0.06,0.1,36
78,0.04,0.04,0.14,36
79,0.06,0.02,0.08,36
80,0.06,0.06,0.1,36
81,0.08,0.1,0.06,36
82,0.04,0.04,0.04,36
83,0.16,0.12,0.18,36
84,0.1,0.04,0.04,36
85,0.08,0.08,0.16,36
86,0.04,0.04,0.08,36
87,0.12,0.12,0.14,36
88,0.1,0.1,0.14,36
89,0.06,0.1,0.04,36
90,0.1,0.12,0.14,36
91,0.04,0.06,0.06,36
92,0.1,0.06,0.12,36
93,0.02,0.04,0.08,36
94,0.06,0.06,0.1,36
95,0.12,0.08,0.1,36
96,0.16,0.1,0.12,36
97,0.1,0.12,0.1,36
98,0.16,0.06,0.14,36
99,0.08,0.08,0.06,36
100,0.12,0.04,0.1,36
1,0.86,0.94,0.78,37
2,0.96,0.9,0.9,37
3,0.84,0.78,0.78,37
4,0.96,0.9,0.84,37
5,0.86,0.8,0.76,37
6,0.92,0.88,0.84,37
7,0.96,0.88,0.88,37
8,0.24,0.14,0.16,37
9,0.16,0.18,0.06,37
10,0.18,0.16,0.14,37
11,0.06,0.1,0.04,37
12,0.16,0.14,0.04,37
13,0.12,0.18,0.12,37
14,0.12,0.08,0.14,37
15,0.16,0.24,0.1,37
16,0.22,0.16,0.2,37
17,0.12,0.14,0.08,37
18,0.1,0.14,0.1,37
19,0.22,0.22,0.16,37
20,0.08,0.1,0.08,37
21,0.14,0.16,0.08,37
22,0.14,0.12,0.12,37
23,0.22,0.14,0.22,37
24,0.06,0.14,0.06,37
25,0.08,0.12,0.1,37
26,0.12,0.1,0.16,37
27,0.18,0.14,0.14,37
28,0.08,0.1,0.08,37
29,0.16,0.24,0.16,37
30,0.24,0.18,0.16,37
31,0.2,0.22,0.1,37
32,0.12,0.16,0.16,37
33,0.08,0.14,0.08,37
34,0.08,0.1,0.06,37
35,0.16,0.12,0.12,37
36,0.18,0.24,0.12,37
37,0.16,0.12,0.12,37
38,0.18,0.28,0.22,37
39,0.12,0.18,0.1,37
40,0.14,0.24,0.16,37
41,0.12,0.16,0.18,37
42,0.14,0.14,0.1,37
43,0.18,0.14,0.18,37
44,0.1,0.18,0.08,37
45,0.1,0.08,0.12,37
46,0.1,0.1,0.1,37
47,0.12,0.16,0.16,37
48,0.1,0.08,0.08,37
49,0.16,0.1,0.16,37
50,0.14,0.14,0.18,37
51,0.14,0.2,0.16,37
52,0.1,0.1,0.06,37
53,0.16,0.16,0.2,37
54,0.18,0.16,0.12,37
55,0.14,0.14,0.12,37
56,0.14,0.14,0.12,37
57,0.12,0.14,0.1,37
58,0.22,0.18,0.14,37
59,0.1,0.08,0.04,37
60,0.12,0.1,0.06,37
61,0.1,0.14,0.08,37
62,0.16,0.18,0.18,37
63,0.16,0.18,0.14,37
64,0.1,0.1,0.12,37
65,0.12,0.1,0.1,37
66,0.22,0.12,0.16,37
67,0.18,0.18,0.1,37
68,0.12,0.1,0.12,37
69,0.22,0.12,0.18,37
70,0.26,0.16,0.16,37
71,0.18,0.16,0.16,37
72,0.14,0.26,0.06,37
73,0.2,0.16,0.18,37
74,0.16,0.12,0.14,37
75,0.26,0.16,0.22,37
76,0.12,0.2,0.1,37
77,0.06,0.12,0.08,37
78,0.2,0.18,0.16,37
79,0.18,0.18,0.2,37
80,0.2,0.18,0.14,37
81,0.14,0.14,0.06,37
82,0.18,0.14,0.14,37
83,0.14,0.14,0.16,37
84,0.12,0.12,0.16,37
85,0.2,0.22,0.2,37
86,0.1,0.14,0.12,37
87,0.16,0.2,0.16,37
88,0.12,0.16,0.1,37
89,0.08,0.1,0.08,37
90,0.22,0.18,0.16,37
91,0.16,0.18,0.18,37
92,0.1,0.2,0.12,37
93,0.04,0.1,0.08,37
94,0.12,0.12,0.12,37
95,0.1,0.18,0.1,37
96,0.18,0.2,0.18,37
97,0.12,0.16,0.06,37
98,0.1,0.14,0.16,37
99,0.14,0.14,0.1,37
100,0.12,0.2,0.04,37
1,0.86,0.92,0.8,38
2,0.96,0.9,0.9,38
3,0.84,0.78,0.78,38
4,0.96,0.9,0.84,38
5,0.86,0.8,0.76,38
6,0.92,0.86,0.84,38
7,0.96,0.9,0.88,38
8,0.28,0.16,0.18,38
9,0.18,0.2,0.08,38
10,0.16,0.14,0.16,38
11,0.06,0.1,0.04,38
12,0.16,0.14,0.06,38
13,0.12,0.16,0.12,38
14,0.1,0.06,0.12,38
15,0.16,0.24,0.1,38
16,0.22,0.14,0.2,38
17,0.12,0.16,0.08,38
18,0.1,0.16,0.1,38
19,0.22,0.22,0.16,38
20,0.08,0.1,0.08,38
21,0.14,0.12,0.1,38
22,0.14,0.1,0.12,38
23,0.2,0.12,0.22,38
24,0.08,0.14,0.06,38
25,0.08,0.1,0.1,38
26,0.12,0.08,0.14,38
27,0.16,0.14,0.16,38
28,0.1,0.1,0.08,38
29,0.16,0.24,0.16,38
30,0.26,0.18,0.16,38
31,0.22,0.22,0.1,38
32,0.12,0.16,0.2,38
33,0.08,0.12,0.08,38
34,0.08,0.1,0.08,38
35,0.18,0.12,0.12,38
36,0.2,0.2,0.12,38
37,0.16,0.12,0.12,38
38,0.18,0.26,0.22,38
39,0.12,0.18,0.1,38
40,0.16,0.24,0.16,38
41,0.12,0.16,0.18,38
42,0.14,0.12,0.1,38
43,0.16,0.12,0.18,38
44,0.12,0.18,0.08,38
45,0.14,0.08,0.12,38
46,0.1,0.12,0.1,38
47,0.12,0.16,0.16,38
48,0.1,0.08,0.08,38
49,0.16,0.12,0.16,38
50,0.14,0.14,0.18,38
51,0.14,0.18,0.16,38
52,0.1,0.1,0.06,38
53,0.16,0.16,0.2,38
54,0.18,0.14,0.12,38
55,0.18,0.14,0.12,38
56,0.12,0.14,0.12,38
57,0.14,0.12,0.1,38
58,0.22,0.18,0.14,38
59,0.1,0.08,0.04,38
60,0.12,0.1,0.06,38
61,0.08,0.12,0.08,38
62,0.16,0.18,0.2,38
63,0.16,0.18,0.14,38
64,0.1,0.1,0.12,38
65,0.12,0.1,0.1,38
66,0.24,0.12,0.16,38
67,0.2,0.18,0.1,38
68,0.12,0.1,0.12,38
69,0.24,0.12,0.18,38
70,0.26,0.16,0.18,38
71,0.18,0.12,0.16,38
72,0.14,0.22,0.06,38
73,0.2,0.16,0.2,38
74,0.16,0.12,0.14,38
75,0.26,0.16,0.22,38
76,0.12,0.16,0.1,38
77,0.06,0.12,0.08,38
78,0.2,0.14,0.16,38
79,0.18,0.18,0.2,38
80,0.2,0.18,0.14,38
81,0.14,0.12,0.06,38
82,0.18,0.16,0.14,38
83,0.16,0.16,0.16,38
84,0.14,0.12,0.16,38
85,0.18,0.22,0.2,38
86,0.1,0.12,0.12,38
87,0.16,0.18,0.16,38
88,0.12,0.14,0.1,38
89,0.08,0.1,0.08,38
90,0.24,0.16,0.16,38
91,0.16,0.18,0.18,38
92,0.1,0.18,0.12,38
93,0.04,0.1,0.08,38
94,0.12,0.12,0.12,38
95,0.12,0.16,0.08,38
96,0.16,0.2,0.18,38
97,0.1,0.14,0.06,38
98,0.14,0.14,0.16,38
99,0.16,0.14,0.1,38
100,0.12,0.16,0.06,38
1,0.92,0.72,0.78,39
2,1,0.86,0.88,39
3,0.9,0.84,0.82,39
4,0.9,0.78,0.72,39
5,0.92,0.76,0.8,39
6,0.9,0.72,0.7,39
7,0.92,0.78,0.76,39
8,0.12,0.06,0.14,39
9,0.1,0.16,0.16,39
10,0.1,0.16,0.18,39
11,0.06,0.12,0.08,39
12,0.02,0.12,0.06,39
13,0.08,0.08,0.1,39
14,0.04,0.08,0.06,39
15,0.08,0.14,0.14,39
16,0.12,0.1,0.1,39
17,0.06,0.08,0.1,39
18,0.06,0.1,0.08,39
19,0.12,0.16,0.16,39
20,0.1,0.12,0.16,39
21,0.18,0.1,0.12,39
22,0.12,0.14,0.12,39
23,0.24,0.2,0.2,39
24,0.02,0.04,0.06,39
25,0.1,0.14,0.1,39
26,0.12,0.14,0.1,39
27,0.14,0.22,0.2,39
28,0.06,0.12,0.08,39
29,0.1,0.14,0.14,39
30,0.2,0.18,0.2,39
31,0.1,0.16,0.14,39
32,0.1,0.14,0.1,39
33,0.08,0.04,0.14,39
34,0.1,0.1,0.12,39
35,0.06,0.06,0.1,39
36,0.06,0.12,0.1,39
37,0.04,0.08,0.08,39
38,0.1,0.12,0.08,39
39,0.1,0.14,0.16,39
40,0.08,0.14,0.08,39
41,0.1,0.12,0.08,39
42,0.12,0.16,0.16,39
43,0.12,0.1,0.1,39
44,0.08,0.1,0.12,39
45,0.04,0.1,0.08,39
46,0.1,0.14,0.12,39
47,0.12,0.12,0.14,39
48,0.1,0.08,0.12,39
49,0.06,0.14,0.12,39
50,0.14,0.1,0.16,39
51,0.08,0.16,0.08,39
52,0.06,0.12,0.14,39
53,0.04,0.1,0.1,39
54,0.26,0.2,0.2,39
55,0.14,0.18,0.16,39
56,0.08,0.14,0.06,39
57,0.14,0.12,0.1,39
58,0.12,0.06,0.16,39
59,0.08,0.12,0.1,39
60,0.08,0.08,0.1,39
61,0.06,0.12,0.04,39
62,0.2,0.1,0.16,39
63,0.18,0.18,0.12,39
64,0.06,0.06,0.08,39
65,0.04,0.12,0.06,39
66,0.14,0.18,0.12,39
67,0.22,0.26,0.18,39
68,0.14,0.16,0.1,39
69,0.16,0.22,0.2,39
70,0.18,0.22,0.16,39
71,0.12,0.12,0.12,39
72,0.1,0.14,0.1,39
73,0.1,0.1,0.14,39
74,0.12,0.14,0.14,39
75,0.08,0.1,0.1,39
76,0.08,0.18,0.16,39
77,0.04,0.1,0.08,39
78,0.1,0.18,0.16,39
79,0.12,0.12,0.18,39
80,0.08,0.12,0.08,39
81,0.1,0.1,0.12,39
82,0.06,0.16,0.08,39
83,0.18,0.24,0.18,39
84,0.06,0.1,0.06,39
85,0.1,0.14,0.12,39
86,0.08,0.12,0.1,39
87,0.18,0.24,0.24,39
88,0.1,0.14,0.12,39
89,0.08,0.16,0.1,39
90,0.14,0.24,0.16,39
91,0.12,0.1,0.12,39
92,0.06,0.08,0.16,39
93,0.02,0.1,0.1,39
94,0.1,0.2,0.16,39
95,0.06,0.2,0.1,39
96,0.1,0.22,0.14,39
97,0.18,0.26,0.12,39
98,0.1,0.04,0.06,39
99,0.04,0.1,0.12,39
100,0.1,0.02,0.14,39
1,0.94,0.72,0.76,40
2,0.98,0.86,0.88,40
3,0.9,0.84,0.82,40
4,0.9,0.78,0.74,40
5,0.94,0.76,0.8,40
6,0.88,0.72,0.74,40
7,0.94,0.76,0.76,40
8,0.26,0.12,0.16,40
9,0.26,0.2,0.16,40
10,0.24,0.16,0.2,40
11,0.04,0.12,0.08,40
12,0.02,0.12,0.06,40
13,0.08,0.08,0.1,40
14,0.02,0.08,0.08,40
15,0.08,0.14,0.12,40
16,0.14,0.1,0.1,40
17,0.04,0.1,0.12,40
18,0.08,0.1,0.08,40
19,0.16,0.16,0.16,40
20,0.08,0.1,0.14,40
21,0.18,0.1,0.14,40
22,0.12,0.12,0.12,40
23,0.2,0.2,0.2,40
24,0.02,0.04,0.06,40
25,0.06,0.16,0.1,40
26,0.12,0.12,0.1,40
27,0.14,0.2,0.2,40
28,0.06,0.12,0.08,40
29,0.08,0.14,0.14,40
30,0.2,0.18,0.22,40
31,0.08,0.16,0.12,40
32,0.06,0.12,0.1,40
33,0.06,0.04,0.14,40
34,0.08,0.1,0.12,40
35,0.06,0.06,0.1,40
36,0.06,0.12,0.1,40
37,0.06,0.06,0.08,40
38,0.08,0.1,0.08,40
39,0.1,0.14,0.16,40
40,0.08,0.14,0.06,40
41,0.12,0.12,0.08,40
42,0.12,0.16,0.14,40
43,0.08,0.1,0.12,40
44,0.06,0.1,0.12,40
45,0.04,0.08,0.08,40
46,0.08,0.14,0.12,40
47,0.1,0.1,0.14,40
48,0.1,0.06,0.1,40
49,0.08,0.14,0.1,40
50,0.14,0.1,0.16,40
51,0.1,0.16,0.1,40
52,0.08,0.14,0.14,40
53,0.04,0.12,0.1,40
54,0.24,0.22,0.2,40
55,0.12,0.18,0.16,40
56,0.08,0.14,0.06,40
57,0.1,0.12,0.08,40
58,0.1,0.06,0.16,40
59,0.08,0.12,0.1,40
60,0.08,0.1,0.08,40
61,0.06,0.14,0.06,40
62,0.16,0.1,0.16,40
63,0.2,0.16,0.12,40
64,0.04,0.06,0.08,40
65,0.02,0.12,0.06,40
66,0.14,0.14,0.12,40
67,0.18,0.26,0.22,40
68,0.12,0.16,0.1,40
69,0.2,0.2,0.2,40
70,0.14,0.22,0.16,40
71,0.12,0.12,0.12,40
72,0.1,0.12,0.1,40
73,0.08,0.1,0.12,40
74,0.1,0.14,0.14,40
75,0.1,0.1,0.1,40
76,0.1,0.18,0.14,40
77,0.04,0.08,0.06,40
78,0.1,0.18,0.14,40
79,0.12,0.14,0.16,40
80,0.08,0.14,0.08,40
81,0.1,0.1,0.12,40
82,0.06,0.16,0.08,40
83,0.18,0.26,0.2,40
84,0.06,0.1,0.06,40
85,0.1,0.14,0.14,40
86,0.08,0.12,0.12,40
87,0.18,0.26,0.24,40
88,0.08,0.12,0.12,40
89,0.1,0.16,0.1,40
90,0.14,0.22,0.14,40
91,0.12,0.1,0.12,40
92,0.08,0.08,0.16,40
93,0.02,0.1,0.1,40
94,0.1,0.2,0.16,40
95,0.06,0.18,0.1,40
96,0.1,0.22,0.16,40
97,0.16,0.28,0.12,40
98,0.1,0.04,0.06,40
99,0.04,0.1,0.12,40
100,0.14,0.02,0.14,40
